what,kind,bundleId,bundleVersion,description,time
activated,perspective,org.eclipse.jst.j2ee.ui,,"org.eclipse.jst.j2ee.J2EEPerspective",1347054468922
started,bundle,org.eclipse.osgi,3.8.0.v20120529-1548,"org.eclipse.osgi",1347054468923
started,bundle,com.ibm.icu,4.4.2.v20110823,"com.ibm.icu",1347054468923
started,bundle,org.eclipse.epp.mpc.ui,1.1.1.I20110907-0947,"org.eclipse.epp.mpc.ui",1347054468923
started,bundle,org.eclipse.jem.util,2.1.100.v201103021400,"org.eclipse.jem.util",1347054468924
started,bundle,org.eclipse.wst.common.emf,1.2.100.v201101101900,"org.eclipse.wst.common.emf",1347054468924
started,bundle,org.eclipse.wst.common.emfworkbench.integration,1.2.101.v201107140600,"org.eclipse.wst.common.emfworkbench.integration",1347054468925
started,bundle,org.eclipse.equinox.simpleconfigurator,1.0.300.v20110815-1744,"org.eclipse.equinox.simpleconfigurator",1347054468925
started,bundle,org.apache.felix.gogo.command,0.8.0.v201108120515,"org.apache.felix.gogo.command",1347054468925
started,bundle,org.apache.felix.gogo.runtime,0.8.0.v201108120515,"org.apache.felix.gogo.runtime",1347054468926
started,bundle,org.apache.felix.gogo.shell,0.8.0.v201110170705,"org.apache.felix.gogo.shell",1347054468926
started,bundle,org.eclipse.core.contenttype,3.4.200.v20120523-2004,"org.eclipse.core.contenttype",1347054468927
started,bundle,org.eclipse.core.databinding.observable,1.4.1.v20120521-2329,"org.eclipse.core.databinding.observable",1347054468927
started,bundle,org.eclipse.core.expressions,3.4.400.v20120523-2004,"org.eclipse.core.expressions",1347054468928
started,bundle,org.eclipse.core.filebuffers,3.5.200.v20120523-1310,"org.eclipse.core.filebuffers",1347054468928
started,bundle,org.eclipse.core.filesystem,1.3.200.v20120522-2012,"org.eclipse.core.filesystem",1347054468929
started,bundle,org.eclipse.core.jobs,3.5.200.v20120521-2346,"org.eclipse.core.jobs",1347054468929
started,bundle,org.eclipse.core.net,1.2.200.v20120522-1148,"org.eclipse.core.net",1347054468929
started,bundle,org.eclipse.core.resources,3.8.0.v20120522-2034,"org.eclipse.core.resources",1347054468930
started,bundle,org.eclipse.core.runtime,3.8.0.v20120521-2346,"org.eclipse.core.runtime",1347054468930
started,bundle,org.eclipse.core.runtime.compatibility,3.2.200.v20120521-2346,"org.eclipse.core.runtime.compatibility",1347054468931
started,bundle,org.eclipse.e4.core.commands,0.10.1.v20120523-1955,"org.eclipse.e4.core.commands",1347054468931
started,bundle,org.eclipse.e4.core.contexts,1.1.0.v20120523-2004,"org.eclipse.e4.core.contexts",1347054468932
started,bundle,org.eclipse.e4.core.di,1.1.0.v20120521-2346,"org.eclipse.e4.core.di",1347054468932
started,bundle,org.eclipse.e4.core.di.extensions,0.11.0.v20120523-2004,"org.eclipse.e4.core.di.extensions",1347054468933
started,bundle,org.eclipse.e4.core.services,1.0.0.v20120521-2346,"org.eclipse.e4.core.services",1347054468933
started,bundle,org.eclipse.e4.ui.bindings,0.10.1.v20120523-1955,"org.eclipse.e4.ui.bindings",1347054468933
started,bundle,org.eclipse.e4.ui.css.swt,0.10.1.v20120523-1955,"org.eclipse.e4.ui.css.swt",1347054468934
started,bundle,org.eclipse.e4.ui.css.swt.theme,0.9.2.v20120523-1955,"org.eclipse.e4.ui.css.swt.theme",1347054468934
started,bundle,org.eclipse.e4.ui.di,0.10.1.v20120523-1955,"org.eclipse.e4.ui.di",1347054468934
started,bundle,org.eclipse.e4.ui.model.workbench,0.10.1.v20120523-1955,"org.eclipse.e4.ui.model.workbench",1347054468935
started,bundle,org.eclipse.e4.ui.services,0.10.1.v20120523-1955,"org.eclipse.e4.ui.services",1347054468935
started,bundle,org.eclipse.e4.ui.workbench,0.10.2.v20120531-1742,"org.eclipse.e4.ui.workbench",1347054468936
started,bundle,org.eclipse.e4.ui.workbench.addons.swt,0.10.1.v20120523-1955,"org.eclipse.e4.ui.workbench.addons.swt",1347054468936
started,bundle,org.eclipse.e4.ui.workbench.renderers.swt,0.10.1.v20120523-1955,"org.eclipse.e4.ui.workbench.renderers.swt",1347054468937
started,bundle,org.eclipse.e4.ui.workbench.swt,0.10.1.v20120525-2014,"org.eclipse.e4.ui.workbench.swt",1347054468937
started,bundle,org.eclipse.emf.common,2.8.0.v20120606-0717,"org.eclipse.emf.common",1347054468937
started,bundle,org.eclipse.emf.common.ui,2.7.0.v20120608-0554,"org.eclipse.emf.common.ui",1347054468937
started,bundle,org.eclipse.emf.ecore,2.8.0.v20120606-0717,"org.eclipse.emf.ecore",1347054468937
started,bundle,org.eclipse.emf.ecore.xmi,2.8.0.v20120606-0717,"org.eclipse.emf.ecore.xmi",1347054468937
started,bundle,org.eclipse.emf.edit,2.8.0.v20120608-0554,"org.eclipse.emf.edit",1347054468937
started,bundle,org.eclipse.emf.edit.ui,2.8.0.v20120608-0554,"org.eclipse.emf.edit.ui",1347054468937
started,bundle,org.eclipse.equinox.app,1.3.100.v20120522-1841,"org.eclipse.equinox.app",1347054468938
started,bundle,org.eclipse.equinox.common,3.6.100.v20120522-1841,"org.eclipse.equinox.common",1347054468938
started,bundle,org.eclipse.equinox.console,1.0.0.v20120522-1841,"org.eclipse.equinox.console",1347054468939
started,bundle,org.eclipse.equinox.ds,1.4.0.v20120522-1841,"org.eclipse.equinox.ds",1347054468939
started,bundle,org.eclipse.equinox.event,1.2.200.v20120522-2049,"org.eclipse.equinox.event",1347054468940
started,bundle,org.eclipse.equinox.p2.core,2.2.0.v20120430-0525,"org.eclipse.equinox.p2.core",1347054468940
started,bundle,org.eclipse.equinox.p2.directorywatcher,1.0.300.v20110808-1657,"org.eclipse.equinox.p2.directorywatcher",1347054468940
started,bundle,org.eclipse.equinox.p2.engine,2.2.0.v20120501-1502,"org.eclipse.equinox.p2.engine",1347054468941
started,bundle,org.eclipse.equinox.p2.metadata,2.1.0.v20120430-2001,"org.eclipse.equinox.p2.metadata",1347054468941
started,bundle,org.eclipse.equinox.p2.metadata.repository,1.2.100.v20120524-1717,"org.eclipse.equinox.p2.metadata.repository",1347054468942
started,bundle,org.eclipse.equinox.p2.operations,2.2.0.v20120524-0542,"org.eclipse.equinox.p2.operations",1347054468942
started,bundle,org.eclipse.equinox.p2.reconciler.dropins,1.1.200.v20120301-2145,"org.eclipse.equinox.p2.reconciler.dropins",1347054468943
started,bundle,org.eclipse.equinox.p2.repository,2.2.0.v20120524-1945,"org.eclipse.equinox.p2.repository",1347054468943
started,bundle,org.eclipse.equinox.p2.ui.sdk.scheduler,1.1.0.v20110815-1744,"org.eclipse.equinox.p2.ui.sdk.scheduler",1347054468944
started,bundle,org.eclipse.equinox.p2.updatechecker,1.1.200.v20110808-1657,"org.eclipse.equinox.p2.updatechecker",1347054468944
started,bundle,org.eclipse.equinox.preferences,3.5.0.v20120522-1841,"org.eclipse.equinox.preferences",1347054468945
started,bundle,org.eclipse.equinox.registry,3.5.200.v20120522-1841,"org.eclipse.equinox.registry",1347054468945
started,bundle,org.eclipse.equinox.security,1.1.100.v20120522-1841,"org.eclipse.equinox.security",1347054468946
started,bundle,org.eclipse.equinox.util,1.0.400.v20120522-2049,"org.eclipse.equinox.util",1347054468946
started,bundle,org.eclipse.help,3.6.0.v20120521-2344,"org.eclipse.help",1347054468947
started,bundle,org.eclipse.jdt.core,3.8.1.v20120531-0637,"org.eclipse.jdt.core",1347054468948
started,bundle,org.eclipse.jdt.core.manipulation,1.5.0.v20120523-1543,"org.eclipse.jdt.core.manipulation",1347054468948
started,bundle,org.eclipse.jdt.ui,3.8.0.v20120524-1551,"org.eclipse.jdt.ui",1347054468950
started,bundle,org.eclipse.jface,3.8.0.v20120521-2329,"org.eclipse.jface",1347054468951
started,bundle,org.eclipse.jsch.core,1.1.400.v20120522-1148,"org.eclipse.jsch.core",1347054468951
started,bundle,org.eclipse.jst.j2ee.ui,1.1.600.v201205170400,"org.eclipse.jst.j2ee.ui",1347054468952
started,bundle,org.eclipse.jst.j2ee.webservice,1.1.400.v201004110600,"org.eclipse.jst.j2ee.webservice",1347054468952
started,bundle,org.eclipse.jst.j2ee.webservice.ui,1.1.500.v201105122000,"org.eclipse.jst.j2ee.webservice.ui",1347054468953
started,bundle,org.eclipse.jst.ws.jaxws.utils,1.0.200.v201201032002,"org.eclipse.jst.ws.jaxws.utils",1347054468953
started,bundle,org.eclipse.search,3.8.0.v20120523-1540,"org.eclipse.search",1347054468954
started,bundle,org.eclipse.team.core,3.6.100.v20120524-0627,"org.eclipse.team.core",1347054468954
started,bundle,org.eclipse.team.ui,3.6.200.v20120522-1148,"org.eclipse.team.ui",1347054468954
started,bundle,org.eclipse.ui,3.103.0.v20120521-2329,"org.eclipse.ui",1347054468956
started,bundle,org.eclipse.ui.console,3.5.100.v20120521-2012,"org.eclipse.ui.console",1347054468956
started,bundle,org.eclipse.ui.editors,3.8.0.v20120523-1540,"org.eclipse.ui.editors",1347054468957
started,bundle,org.eclipse.ui.forms,3.5.200.v20120521-2329,"org.eclipse.ui.forms",1347054468957
started,bundle,org.eclipse.ui.ide,3.8.0.v20120521-2329,"org.eclipse.ui.ide",1347054468958
started,bundle,org.eclipse.ui.intro,3.4.200.v20120521-2344,"org.eclipse.ui.intro",1347054468959
started,bundle,org.eclipse.ui.intro.universal,3.2.600.v20120521-2344,"org.eclipse.ui.intro.universal",1347054468959
started,bundle,org.eclipse.ui.navigator,3.5.200.v20120523-1955,"org.eclipse.ui.navigator",1347054468959
started,bundle,org.eclipse.ui.navigator.resources,3.4.400.v20120523-1955,"org.eclipse.ui.navigator.resources",1347054468960
started,bundle,org.eclipse.ui.net,1.2.100.v20120522-1148,"org.eclipse.ui.net",1347054468960
started,bundle,org.eclipse.ui.trace,1.0.0.v20120523-2012,"org.eclipse.ui.trace",1347054468961
started,bundle,org.eclipse.ui.views,3.6.100.v20120521-2329,"org.eclipse.ui.views",1347054468961
started,bundle,org.eclipse.ui.workbench,3.103.0.v20120530-1824,"org.eclipse.ui.workbench",1347054468961
started,bundle,org.eclipse.ui.workbench.texteditor,3.8.0.v20120523-1310,"org.eclipse.ui.workbench.texteditor",1347054468962
started,bundle,org.eclipse.update.configurator,3.3.200.v20120523-1752,"org.eclipse.update.configurator",1347054468963
started,bundle,org.eclipse.wst.common.frameworks,1.2.200.v201203141800,"org.eclipse.wst.common.frameworks",1347054468963
started,bundle,org.eclipse.wst.common.project.facet.core,1.4.300.v201111030424,"org.eclipse.wst.common.project.facet.core",1347054468963
started,bundle,org.eclipse.wst.web,1.1.600.v201204190200,"org.eclipse.wst.web",1347054468964
started,bundle,org.eclipse.egit.core,1.3.0.201202151440-r,"org.eclipse.egit.core",1347054468964
started,bundle,org.eclipse.egit.ui,1.3.0.201202151440-r,"org.eclipse.egit.ui",1347054468966
started,bundle,org.eclipse.epp.usagedata.gathering,1.3.1.R201106061540,"org.eclipse.epp.usagedata.gathering",1347054468966
started,bundle,org.eclipse.epp.usagedata.recording,1.3.1.R201106061540,"org.eclipse.epp.usagedata.recording",1347054468966
started,bundle,org.eclipse.equinox.event,1.2.100.v20110502,"org.eclipse.equinox.event",1347054468967
started,bundle,org.eclipse.jgit,1.3.0.201202151440-r,"org.eclipse.jgit",1347054468967
started,bundle,org.eclipse.m2e.discovery,1.0.200.20111228-1245,"org.eclipse.m2e.discovery",1347054468967
started,bundle,org.eclipse.m2e.logback.configuration,1.0.200.20111228-1245,"org.eclipse.m2e.logback.configuration",1347054468967
started,bundle,org.eclipse.mylyn.bugzilla.core,3.6.5.v20120123-0100,"org.eclipse.mylyn.bugzilla.core",1347054468968
started,bundle,org.eclipse.mylyn.bugzilla.ui,3.6.0.v20110608-1400,"org.eclipse.mylyn.bugzilla.ui",1347054468969
started,bundle,org.eclipse.mylyn.commons.identity,0.8.0.v20110608-1400,"org.eclipse.mylyn.commons.identity",1347054468969
started,bundle,org.eclipse.mylyn.commons.net,3.6.0.v20110608-1400,"org.eclipse.mylyn.commons.net",1347054468969
started,bundle,org.eclipse.mylyn.commons.ui,3.6.1.v20110720-0100,"org.eclipse.mylyn.commons.ui",1347054468970
started,bundle,org.eclipse.mylyn.context.core,3.6.1.v20110720-0100,"org.eclipse.mylyn.context.core",1347054468970
started,bundle,org.eclipse.mylyn.context.ui,3.6.1.v20120112-0100,"org.eclipse.mylyn.context.ui",1347054468971
started,bundle,org.eclipse.mylyn.monitor.ui,3.6.0.v20110608-1400,"org.eclipse.mylyn.monitor.ui",1347054468971
started,bundle,org.eclipse.mylyn.tasks.ui,3.6.5.v20120215-0100,"org.eclipse.mylyn.tasks.ui",1347054468972
started,bundle,org.eclipse.mylyn.team.ui,3.6.1.v20110825-0100,"org.eclipse.mylyn.team.ui",1347054468973
started,bundle,org.eclipse.team.cvs.core,3.3.400.I20110510-0800,"org.eclipse.team.cvs.core",1347054468973
started,bundle,org.eclipse.team.cvs.ui,3.3.401.v20120126-1227,"org.eclipse.team.cvs.ui",1347054468974
started,bundle,org.eclipse.update.core,3.2.500.v20110330,"org.eclipse.update.core",1347054468975
started,bundle,org.eclipse.update.scheduler,3.2.300.v20100512,"org.eclipse.update.scheduler",1347054468975
started,bundle,org.eclipse.wb.discovery.core,1.3.0.r37x201202052340,"org.eclipse.wb.discovery.core",1347054468976
started,bundle,org.eclipse.wb.discovery.ui,1.3.0.r37x201202052340,"org.eclipse.wb.discovery.ui",1347054468976
os,sysinfo,,,"win32",1347054468979
arch,sysinfo,,,"x86_64",1347054468979
ws,sysinfo,,,"win32",1347054468979
locale,sysinfo,,,"en_US",1347054468979
processors,sysinfo,,,"8",1347054468979
java.runtime.name,sysinfo,,,"Java(TM) SE Runtime Environment",1347054468979
java.runtime.version,sysinfo,,,"1.7.0_03-b05",1347054468979
java.specification.name,sysinfo,,,"Java Platform API Specification",1347054468979
java.specification.vendor,sysinfo,,,"Oracle Corporation",1347054468979
java.specification.version,sysinfo,,,"1.7",1347054468979
java.vendor,sysinfo,,,"Oracle Corporation",1347054468979
java.version,sysinfo,,,"1.7.0_03",1347054468979
java.vm.info,sysinfo,,,"mixed mode",1347054468979
java.vm.name,sysinfo,,,"Java HotSpot(TM) 64-Bit Server VM",1347054468979
java.vm.specification.name,sysinfo,,,"Java Virtual Machine Specification",1347054468979
java.vm.specification.vendor,sysinfo,,,"Oracle Corporation",1347054468979
java.vm.specification.version,sysinfo,,,"1.7",1347054468979
java.vm.vendor,sysinfo,,,"Oracle Corporation",1347054468979
java.vm.version,sysinfo,,,"22.1-b02",1347054468979
started,bundle,org.eclipse.m2e.usagedata,1.0.200.20111228-1245,"org.eclipse.m2e.usagedata",1347054468981
deactivated,workbench,org.eclipse.ui.workbench,3.103.0.v20120530-1824,"",1347054523923
closed,view,org.eclipse.ui,3.103.0.v20120521-2329,"org.eclipse.ui.internal.introview",1347054523928
activated,workbench,org.eclipse.ui.workbench,3.103.0.v20120530-1824,"",1347054524700
deactivated,workbench,org.eclipse.ui.workbench,3.103.0.v20120530-1824,"",1347054526390
started,bundle,org.eclipse.jst.jee.ui,1.0.500.v201205170400,"org.eclipse.jst.jee.ui",1347054539639
started,bundle,org.eclipse.jst.j2ee.navigator.ui,1.1.600.v201203142300,"org.eclipse.jst.j2ee.navigator.ui",1347054539643
started,bundle,org.eclipse.wst.common.core,1.2.0.v200908252030,"org.eclipse.wst.common.core",1347054539668
started,bundle,org.eclipse.wst.common.modulecore,1.2.200.v201204190200,"org.eclipse.wst.common.modulecore",1347054539671
started,bundle,org.eclipse.jst.j2ee.core,1.2.200.v201205030130,"org.eclipse.jst.j2ee.core",1347054539674
started,bundle,org.eclipse.jem,2.0.600.v201201051400,"org.eclipse.jem",1347054539684
started,bundle,org.eclipse.wst.common.frameworks.ui,1.2.200.v201203150300,"org.eclipse.wst.common.frameworks.ui",1347054539699
started,bundle,org.eclipse.wst.xml.core,1.1.700.v201204241737,"org.eclipse.wst.xml.core",1347054539702
started,bundle,org.eclipse.wst.validation,1.2.400.v201204260100,"org.eclipse.wst.validation",1347054539710
started,bundle,org.eclipse.jst.j2ee,1.1.600.v201205170400,"org.eclipse.jst.j2ee",1347054539727
started,bundle,org.eclipse.debug.core,3.7.100.v20120521-2012,"org.eclipse.debug.core",1347054539826
started,bundle,org.eclipse.jdt.launching,3.6.100.v20120523-1953,"org.eclipse.jdt.launching",1347054539850
started,bundle,org.eclipse.jst.common.project.facet.core,1.4.201.v201108161900,"org.eclipse.jst.common.project.facet.core",1347054539899
started,bundle,org.eclipse.jst.ws.jaxrs.core,1.0.400.v201202152223,"org.eclipse.jst.ws.jaxrs.core",1347054539904
started,bundle,org.eclipse.jst.servlet.ui,1.1.600.v201202011057,"org.eclipse.jst.servlet.ui",1347054540019
activated,workbench,org.eclipse.ui.workbench,3.103.0.v20120530-1824,"",1347054540188
executed,command,org.eclipse.ui,3.103.0.v20120521-2329,"org.eclipse.ui.file.import",1347054540194
activated,view,org.eclipse.ui.navigator.resources,3.4.400.v20120523-1955,"org.eclipse.ui.navigator.ProjectExplorer",1347054544067
started,bundle,org.eclipse.wst.ws.service.policy.ui,1.0.400.v201201111717,"org.eclipse.wst.ws.service.policy.ui",1347054546073
started,bundle,org.eclipse.wst.ws.service.policy,1.0.303.v201009221810,"org.eclipse.wst.ws.service.policy",1347054546075
started,bundle,org.eclipse.wst.command.env,1.0.409.v201004211805,"org.eclipse.wst.command.env",1347054546084
started,bundle,org.eclipse.wst.ws,1.1.300.v201204181727,"org.eclipse.wst.ws",1347054546085
started,bundle,org.eclipse.compare.core,3.5.200.v20120522-1148,"org.eclipse.compare.core",1347054546249
started,bundle,org.eclipse.compare,3.5.300.v20120522-1148,"org.eclipse.compare",1347054546255
deactivated,workbench,org.eclipse.ui.workbench,3.103.0.v20120530-1824,"",1347054551768
activated,workbench,org.eclipse.ui.workbench,3.103.0.v20120530-1824,"",1347054555328
started,bundle,org.eclipse.jst.ws.jaxws.dom.integration,1.0.200.v201109042201,"org.eclipse.jst.ws.jaxws.dom.integration",1347054557001
started,bundle,org.eclipse.jst.ws.jaxws.dom.ui,1.0.0.v201004171919,"org.eclipse.jst.ws.jaxws.dom.ui",1347054557004
deactivated,workbench,org.eclipse.ui.workbench,3.103.0.v20120530-1824,"",1347054574420
activated,workbench,org.eclipse.ui.workbench,3.103.0.v20120530-1824,"",1347054605603
deactivated,workbench,org.eclipse.ui.workbench,3.103.0.v20120530-1824,"",1347054623150
activated,workbench,org.eclipse.ui.workbench,3.103.0.v20120530-1824,"",1347054625417
deactivated,workbench,org.eclipse.ui.workbench,3.103.0.v20120530-1824,"",1347054625801
activated,workbench,org.eclipse.ui.workbench,3.103.0.v20120530-1824,"",1347054630221
started,bundle,org.eclipse.debug.ui,3.8.0.v20120530-1753,"org.eclipse.debug.ui",1347054633333
started,bundle,org.eclipse.equinox.p2.ui.sdk,1.0.200.v20120515-1650,"org.eclipse.equinox.p2.ui.sdk",1347054640181
started,bundle,org.eclipse.equinox.p2.ui,2.2.0.v20120524-0542,"org.eclipse.equinox.p2.ui",1347054640184
started,bundle,org.eclipse.equinox.p2.transport.ecf,1.0.100.v20120305-0333,"org.eclipse.equinox.p2.transport.ecf",1347054640753
started,bundle,org.eclipse.ecf.filetransfer,5.0.0.v20120608-0148,"org.eclipse.ecf.filetransfer",1347054640757
started,bundle,org.eclipse.ecf.identity,3.1.200.v20120608-0148,"org.eclipse.ecf.identity",1347054640770
started,bundle,org.eclipse.ecf,3.1.300.v20120608-0148,"org.eclipse.ecf",1347054640780
started,bundle,org.eclipse.ecf.provider.filetransfer.httpclient,4.0.200.v20120608-0148,"org.eclipse.ecf.provider.filetransfer.httpclient",1347054640790
started,bundle,org.eclipse.ecf.provider.filetransfer,3.2.0.v20120608-0148,"org.eclipse.ecf.provider.filetransfer",1347054640792
deactivated,workbench,org.eclipse.ui.workbench,3.103.0.v20120530-1824,"",1347054640911
started,bundle,org.eclipse.equinox.p2.extensionlocation,1.2.100.v20110808-1657,"org.eclipse.equinox.p2.extensionlocation",1347054643935
started,bundle,org.eclipse.equinox.p2.director,2.2.0.v20120524-0542,"org.eclipse.equinox.p2.director",1347054664987
started,bundle,org.eclipse.equinox.p2.garbagecollector,1.0.200.v20110808-1657,"org.eclipse.equinox.p2.garbagecollector",1347054685075
started,bundle,org.eclipse.equinox.p2.artifact.repository,1.1.200.v20120430-1959,"org.eclipse.equinox.p2.artifact.repository",1347054685350
started,bundle,org.eclipse.equinox.p2.publisher,1.2.0.v20120428-0117,"org.eclipse.equinox.p2.publisher",1347054685388
started,bundle,org.eclipse.equinox.p2.touchpoint.eclipse,2.1.100.v20120428-0117,"org.eclipse.equinox.p2.touchpoint.eclipse",1347054685394
error,log,,,"Operation details",1347054688528
error,log,,,"Operation details",1347054688537
activated,workbench,org.eclipse.ui.workbench,3.103.0.v20120530-1824,"",1347054714898
executed,command,org.eclipse.equinox.p2.ui.sdk,1.0.200.v20120515-1650,"org.eclipse.equinox.p2.ui.sdk.install",1347054714916
deactivated,workbench,org.eclipse.ui.workbench,3.103.0.v20120530-1824,"",1347054715897
activated,workbench,org.eclipse.ui.workbench,3.103.0.v20120530-1824,"",1347054716780
deactivated,workbench,org.eclipse.ui.workbench,3.103.0.v20120530-1824,"",1347054716811
activated,workbench,org.eclipse.ui.workbench,3.103.0.v20120530-1824,"",1347054716879
closed,view,org.eclipse.ui.views,3.6.100.v20120521-2329,"org.eclipse.ui.views.ContentOutline",1347054716927
closed,view,org.eclipse.ui.ide,3.8.0.v20120521-2329,"org.eclipse.ui.views.AllMarkersView",1347054716951
deactivated,workbench,org.eclipse.ui.workbench,3.103.0.v20120530-1824,"",1347054716964
closed,view,org.eclipse.ui.navigator.resources,3.4.400.v20120523-1955,"org.eclipse.ui.navigator.ProjectExplorer",1347054716966
stopped,bundle,org.eclipse.jpt.jpa.eclipselink.ui,2.2.0.v201205020001,"org.eclipse.jpt.jpa.eclipselink.ui",1347054717296
stopped,bundle,org.eclipse.jpt.jpa.eclipselink.core,2.2.0.v201205240000,"org.eclipse.jpt.jpa.eclipselink.core",1347054717297
stopped,bundle,org.eclipse.jpt.jpa.ui,3.2.0.v201205230001,"org.eclipse.jpt.jpa.ui",1347054717298
stopped,bundle,org.eclipse.jpt.jpa.core,3.2.0.v201206110000,"org.eclipse.jpt.jpa.core",1347054717299
stopped,bundle,org.eclipse.jst.j2ee.ejb.annotations.ui,1.1.200.v201004290730,"org.eclipse.jst.j2ee.ejb.annotations.ui",1347054717299
stopped,bundle,org.eclipse.jst.ejb.ui,1.1.700.v201201190500,"org.eclipse.jst.ejb.ui",1347054717300
stopped,bundle,org.eclipse.jst.ws.axis.creation.ui,1.0.750.v201204120428,"org.eclipse.jst.ws.axis.creation.ui",1347054717301
stopped,bundle,org.eclipse.jst.ws.axis.consumption.ui,1.0.700.v201204181727,"org.eclipse.jst.ws.axis.consumption.ui",1347054717301
stopped,bundle,org.eclipse.jst.ws.axis2.creation.ui,1.0.104.v201004211805,"org.eclipse.jst.ws.axis2.creation.ui",1347054717302
stopped,bundle,org.eclipse.jst.ws.axis2.consumption.ui,1.0.103.v201004211805,"org.eclipse.jst.ws.axis2.consumption.ui",1347054717302
stopped,bundle,org.eclipse.jst.ws.axis2.creation.core,1.0.106.v201004211805,"org.eclipse.jst.ws.axis2.creation.core",1347054717303
stopped,bundle,org.eclipse.jst.ws.axis2.consumption.core,1.0.105.v201004211805,"org.eclipse.jst.ws.axis2.consumption.core",1347054717303
stopped,bundle,org.eclipse.jst.ws.cxf.creation.ui,1.0.200.v201204221838,"org.eclipse.jst.ws.cxf.creation.ui",1347054717304
stopped,bundle,org.eclipse.jst.ws.creation.ui,1.0.700.v201205041550,"org.eclipse.jst.ws.creation.ui",1347054717305
stopped,bundle,org.eclipse.jst.ws.cxf.consumption.ui,1.0.200.v201201312103,"org.eclipse.jst.ws.cxf.consumption.ui",1347054717305
stopped,bundle,org.eclipse.jst.ws.consumption.ui,1.1.500.v201204102147,"org.eclipse.jst.ws.consumption.ui",1347054717306
stopped,bundle,org.eclipse.jst.j2ee.webservice.ui,1.1.500.v201105122000,"org.eclipse.jst.j2ee.webservice.ui",1347054717306
stopped,bundle,org.eclipse.jst.servlet.ui,1.1.600.v201202011057,"org.eclipse.jst.servlet.ui",1347054717306
stopped,bundle,org.eclipse.jst.ws.jaxws.dom.integration,1.0.200.v201109042201,"org.eclipse.jst.ws.jaxws.dom.integration",1347054717306
stopped,bundle,org.eclipse.jst.jee.ui,1.0.500.v201205170400,"org.eclipse.jst.jee.ui",1347054717306
stopped,bundle,org.eclipse.jst.j2ee.navigator.ui,1.1.600.v201203142300,"org.eclipse.jst.j2ee.navigator.ui",1347054717306
stopped,bundle,org.eclipse.jst.j2ee.jca.ui,1.1.400.v201004150700,"org.eclipse.jst.j2ee.jca.ui",1347054717307
stopped,bundle,org.eclipse.jst.j2ee.ui,1.1.600.v201205170400,"org.eclipse.jst.j2ee.ui",1347054717307
stopped,bundle,org.eclipse.jst.common.ui,1.0.200.v201202020230,"org.eclipse.jst.common.ui",1347054717307
stopped,bundle,org.eclipse.jpt.dbws.eclipselink.ui,1.0.200.v201203150000,"org.eclipse.jpt.dbws.eclipselink.ui",1347054717308
stopped,bundle,org.eclipse.jpt.jaxb.eclipselink.ui,1.3.0.v201204160000,"org.eclipse.jpt.jaxb.eclipselink.ui",1347054717309
stopped,bundle,org.eclipse.jpt.jaxb.ui,1.3.0.v201205180000,"org.eclipse.jpt.jaxb.ui",1347054717309
stopped,bundle,org.eclipse.jpt.common.ui,1.2.0.v201205150000,"org.eclipse.jpt.common.ui",1347054717310
stopped,bundle,org.eclipse.jpt.jaxb.eclipselink.core,1.2.0.v201204160000,"org.eclipse.jpt.jaxb.eclipselink.core",1347054717311
stopped,bundle,org.eclipse.jpt.jaxb.core,1.2.0.v201205100000,"org.eclipse.jpt.jaxb.core",1347054717311
stopped,bundle,org.eclipse.jpt.common.core,1.2.0.v201205240000,"org.eclipse.jpt.common.core",1347054717312
stopped,bundle,org.eclipse.jst.j2ee.xdoclet.runtime,1.1.300.v201004280700,"org.eclipse.jst.j2ee.xdoclet.runtime",1347054717313
stopped,bundle,org.eclipse.jst.j2ee.ejb.annotations.xdoclet,1.2.200.v201103302125,"org.eclipse.jst.j2ee.ejb.annotations.xdoclet",1347054717313
stopped,bundle,org.eclipse.jst.j2ee.ejb.annotations.emitter,1.1.200.v200909290826,"org.eclipse.jst.j2ee.ejb.annotations.emitter",1347054717314
stopped,bundle,org.eclipse.jst.j2ee.ejb.annotation.model,1.1.300.v201003112036,"org.eclipse.jst.j2ee.ejb.annotation.model",1347054717314
stopped,bundle,org.eclipse.jst.jee.ejb,1.0.301.v201007070821,"org.eclipse.jst.jee.ejb",1347054717315
stopped,bundle,org.eclipse.jst.ws.axis.consumption.core,1.0.407.v201104071820,"org.eclipse.jst.ws.axis.consumption.core",1347054717315
stopped,bundle,org.eclipse.jst.ws.axis2.ui,1.0.303.v201003110431,"org.eclipse.jst.ws.axis2.ui",1347054717315
stopped,bundle,org.eclipse.jst.ws.axis2.core,1.0.204.v201004211805,"org.eclipse.jst.ws.axis2.core",1347054717316
stopped,bundle,org.eclipse.jst.ws.consumption,1.0.700.v201204102147,"org.eclipse.jst.ws.consumption",1347054717316
stopped,bundle,org.eclipse.jst.ws.cxf.consumption.core,1.0.200.v201201312103,"org.eclipse.jst.ws.cxf.consumption.core",1347054717317
stopped,bundle,org.eclipse.jst.ws.cxf.creation.core,1.0.200.v201205012246,"org.eclipse.jst.ws.cxf.creation.core",1347054717317
stopped,bundle,org.eclipse.jst.ws.cxf.ui,1.0.200.v201203062228,"org.eclipse.jst.ws.cxf.ui",1347054717318
stopped,bundle,org.eclipse.jst.ws.cxf.core,1.1.0.v201205012246,"org.eclipse.jst.ws.cxf.core",1347054717318
stopped,bundle,org.eclipse.jst.ws.uddiregistry,1.0.500.v201004211805,"org.eclipse.jst.ws.uddiregistry",1347054717319
stopped,bundle,org.eclipse.jst.ws.ui,1.0.403.v201004211805,"org.eclipse.jst.ws.ui",1347054717319
stopped,bundle,org.eclipse.jst.ws,1.0.600.v201108242234,"org.eclipse.jst.ws",1347054717320
stopped,bundle,org.eclipse.jst.j2ee.ejb,1.1.600.v201205030130,"org.eclipse.jst.j2ee.ejb",1347054717320
